source_file,output_file
image-001.webp,rose.png
image-002.webp,im-ready.png
image-003.webp,gg.png
image-004.webp,2026.png
image-005.webp,tiktok.png
image-006.webp,youre-awesome.png
image-007.webp,glow-stick.png
image-008.webp,cake-slice.png
image-009.webp,ice-cream-cone.png
image-010.webp,love-you-so-much.png
image-011.webp,heart-me.png
image-012.webp,fest-pop.png
image-013.webp,miss-you.png
image-014.webp,pumpkin.png
image-015.webp,thumbs-up.png
image-016.webp,heart.png
image-017.webp,love-you.png
image-018.webp,heart-puff.png
image-019.webp,blue-heart.png
image-020.webp,flame-heart.png
image-021.webp,power-hug.png
image-022.webp,squirrel.png
image-023.webp,chilli-pepper.png
image-024.webp,glass-of-airan.png
image-025.webp,music-album.png
image-026.webp,graduation-bouquet.png
image-027.webp,go-popular.png
image-028.webp,club-cheers.png
image-029.webp,wink-charm.png
image-030.webp,team-bracelet.png
image-031.webp,finger-heart.png
image-032.webp,pumpkin-pie.png
image-033.webp,happy-new-year.png
image-034.webp,pomegranate.png
image-035.webp,embroidered-heart.png
image-036.webp,cheer-you-up.png
image-037.webp,club-power.png
image-038.webp,super-popular.png
image-039.webp,rosa.png
image-040.webp,journey-pass.png
image-041.webp,friendship-necklace.png
image-042.webp,pumpkin-latte.png
image-043.webp,gutab.png
image-044.webp,fruit-plate.png
image-045.webp,jollie-christmas.png
image-046.webp,heart-gaze.png
image-047.webp,perfume.png
image-048.webp,s-flowers.png
image-049.webp,dombra.png
image-050.webp,sushi-set.png
image-051.webp,bowl-of-plov.png
image-052.webp,doughnut.png
image-053.webp,you-are-my-jam.png
image-054.webp,butterfly.png
image-055.webp,fest-gear.png
image-056.webp,paper-crane.png
image-057.webp,little-crown.png
image-058.webp,cap.png
image-059.webp,hat-and-mustache.png
image-060.webp,like-pop.png
image-061.webp,love-painting.png
image-062.webp,bubble-gum.png
image-063.webp,cupids-bow.png
image-064.webp,mark-of-love.png
image-065.webp,sundae-bowl.png
image-066.webp,charmer-bow.png
image-067.webp,club-victory.png
image-068.webp,level-up-sparks.png
image-069.webp,greeting-heart.png
image-070.webp,game-controller.png
image-071.webp,super-gg.png
image-072.webp,mishka-bear.png
image-073.webp,tsar.png
image-074.webp,confetti.png
image-075.webp,hand-hearts.png
image-076.webp,marvelous-confetti.png
image-077.webp,singing-magic.png
image-078.webp,bowknot.png
image-079.webp,big-shout-out.png
image-080.webp,chatting-popcorn.png
image-081.webp,masquerade.png
image-082.webp,balloon-crown.png
image-083.webp,feather-tiara.png
image-084.webp,caterpillar-chaos.png
image-085.webp,catrina.png
image-086.webp,raving-snail.png
image-087.webp,santa-cocoa.png
image-088.webp,potato-transformation.png
image-089.webp,a-bubbly-time.png
image-090.webp,pinch-cheek.png
image-091.webp,sunglasses.png
image-092.webp,hearts.png
image-093.webp,garland-headpiece.png
image-094.webp,love-you-2.png
image-095.webp,cheer-for-you.png
image-096.webp,panther-paws.png
image-097.webp,tyubeteika.png
image-098.webp,stinging-bee.png
image-099.webp,massage-for-you.png
image-100.webp,coffee-magic.png
image-101.webp,meerkat.png
image-102.webp,dancing-hands.png
image-103.webp,potato-in-paris.png
image-104.webp,stroke-hair.png
image-105.webp,cheering-crab.png
image-106.webp,night-star.png
image-107.webp,twinkling-star.png
image-108.webp,wooly-hat.png
image-109.webp,love-rain.png
image-110.webp,floating-octopus.png
image-111.webp,flower-headband.png
image-112.webp,rose-hand.png
image-113.webp,melon-juice.png
image-114.webp,coconut-juice.png
image-115.webp,chirpy-kisses.png
image-116.webp,joker-ball.png
image-117.webp,gold-medal.png
image-118.webp,magic-genie.png
image-119.webp,rose-bear.png
image-120.webp,party-up-26.png
image-121.webp,happy-hat-26.png
image-122.webp,pinch-face.png
image-123.webp,candy-bouquet.png
image-124.webp,ice-cream-mic.png
image-125.webp,star-goggles.png
image-126.webp,cheer-mic.png
image-127.webp,music-bubbles.png
image-128.webp,palm-breeze.png
image-129.webp,forest-elf.png
image-130.webp,face-pulling.png
image-131.webp,treasured-voice.png
image-132.webp,melodic-birds.png
image-133.webp,surfing-penguin.png
image-134.webp,fest-cheers.png
image-135.webp,boxing-gloves.png
image-136.webp,corgi.png
image-137.webp,fruit-friends.png
image-138.webp,koala-love.png
image-139.webp,naughty-chicken.png
image-140.webp,play-for-you.png
image-141.webp,rock-star.png
image-142.webp,elephant-trunk.png
image-143.webp,butterfly-for-you.png
image-144.webp,starlight-compass.png
image-145.webp,pawfect.png
image-146.webp,puppy-kisses.png
image-147.webp,united-heart.png
image-148.webp,live-ranking-crown.png
image-149.webp,kicker-challenge.png
image-150.webp,tiktok-crown.png
image-151.webp,hi-rosie.png
image-152.webp,pawfect-2.png
image-153.webp,go-hamster.png
image-154.webp,bat-headwear.png
image-155.webp,melody-glasses.png
image-156.webp,penguin-snowpal.png
image-157.webp,budding-heart.png
image-158.webp,feather-mask.png
image-159.webp,backing-monkey.png
image-160.webp,become-kitten.png
image-161.webp,marked-with-love.png
image-162.webp,vinyl-flip.png
image-163.webp,juicy-cap.png
image-164.webp,batwing-hat.png
image-165.webp,mystic-drink.png
image-166.webp,beach-maracas.png
image-167.webp,vintage-flight.png
image-168.webp,gingerbread-man.png
image-169.webp,forever-rosa.png
image-170.webp,magic-rhythm.png
image-171.webp,relaxed-goose.png
image-172.webp,toms-hug.png
image-173.webp,rosie-the-rose-bean.png
image-174.webp,jollie-the-joy-bean.png
image-175.webp,rocky-the-rock-bean.png
image-176.webp,sage-the-smart-bean.png
image-177.webp,sages-slash.png
image-178.webp,let-butterfly-dances.png
image-179.webp,kitten-kneading.png
image-180.webp,shoot-the-apple.png
image-181.webp,alien-buddy.png
image-182.webp,rosies-concert.png
image-183.webp,you-are-loved.png
image-184.webp,tiger-lift.png
image-185.webp,santa-owl-surprise.png
image-186.webp,say-hi-to-santa.png
image-187.webp,crystal-dreams.png
image-188.webp,wishing-cake.png
image-189.webp,mic-champ.png
image-190.webp,bounce-speakers.png
image-191.webp,reindeer-milk.png
image-192.webp,beating-heart.png
image-193.webp,encore-clap.png
image-194.webp,pirates-treasure.png
image-195.webp,candy-loot.png
image-196.webp,captured-vocals.png
image-197.webp,batting-cutie.png
image-198.webp,space-love.png
image-199.webp,xmas-tree-hat.png
image-200.webp,powerful-mind.png
image-201.webp,hat-of-joy.png
image-202.webp,halloween-fun-hat.png
image-203.webp,music-conductor.png
image-204.webp,coral.png
image-205.webp,panda-hug.png
image-206.webp,im-just-a-hamster.png
image-207.webp,rose-soundwave.png
image-208.webp,hands-up.png
image-209.webp,money-gun.png
image-210.webp,shashlik.png
image-211.webp,youre-amazing.png
image-212.webp,vr-goggles.png
image-213.webp,dj-glasses.png
image-214.webp,manifesting.png
image-215.webp,couch-potato.png
image-216.webp,dragon-crown.png
image-217.webp,star-map-polaris.png
image-218.webp,racing-helmet.png
image-219.webp,xxxl-flowers.png
image-220.webp,flower-show.png
image-221.webp,bunny-crown.png
image-222.webp,magic-prop.png
image-223.webp,cheeky-wiggly.png
image-224.webp,cozy-xmas-set.png
image-225.webp,gem-gun.png
image-226.webp,bubbly-kiss.png
image-227.webp,join-butterflies.png
image-228.webp,pop-into-2026.png
image-229.webp,swan.png
image-230.webp,colorful-wings.png
image-231.webp,the-van-cat.png
image-232.webp,love-u.png
image-233.webp,train.png
image-234.webp,travel-with-you.png
image-235.webp,lucky-airdrop-box.png
image-236.webp,grand-show.png
image-237.webp,trending-figure.png
image-238.webp,watermelon-love.png
image-239.webp,blooming-ribbons.png
image-240.webp,galaxy.png
image-241.webp,silver-sports-car.png
image-242.webp,gerry-the-giraffe.png
image-243.webp,hunting-dog.png
image-244.webp,fairy-wings.png
image-245.webp,flamingo-groove.png
image-246.webp,shiny-air-balloon.png
image-247.webp,sparkle-dance.png
image-248.webp,joy-floats.png
image-249.webp,candy-puffs.png
image-250.webp,fireworks.png
image-251.webp,magic-role.png
image-252.webp,umbrella-of-love.png
image-253.webp,vibrant-stage.png
image-254.webp,level-ship.png
image-255.webp,chasing-the-dream.png
image-256.webp,lovers-lock.png
image-257.webp,greeting-card.png
image-258.webp,future-encounter.png
image-259.webp,under-control.png
image-260.webp,racing-debut.png
image-261.webp,youre-so-fly.png
image-262.webp,astrobear.png
image-263.webp,treasure-chest.png
image-264.webp,merry-spongemas.png
image-265.webp,costumey-christmas.png
image-266.webp,blooming-heart.png
image-267.webp,here-we-go.png
image-268.webp,love-drop.png
image-269.webp,fox-legend.png
image-270.webp,cable-car.png
image-271.webp,star-of-red-carpet.png
image-272.webp,cooper-flies-home.png
image-273.webp,mystery-firework.png
image-274.webp,sky-drift.png
image-275.webp,blessed-new-year.png
image-276.webp,countdown-to-joy.png
image-277.webp,whale-diving.png
image-278.webp,blow-rosie-kisses.png
image-279.webp,jollies-heartland.png
image-280.webp,rockys-punch.png
image-281.webp,sages-coinbot.png
image-282.webp,haunted-house.png
image-283.webp,by-the-glaziers.png
image-284.webp,animal-band.png
image-285.webp,samfaring-tom.png
image-286.webp,motorcycle.png
image-287.webp,pink-dream.png
image-288.webp,fest-party.png
image-289.webp,rhythmic-bear.png
image-290.webp,party-bus.png
image-291.webp,level-up-spotlight.png
image-292.webp,meteor-shower.png
image-293.webp,look-up.png
image-294.webp,dream-big.png
image-295.webp,magic-world.png
image-296.webp,your-concert.png
image-297.webp,private-jet.png
image-298.webp,leon-the-kitten.png
image-299.webp,fiery-dragon.png
image-300.webp,signature-jet.png
image-301.webp,sugar-whiskers.png
image-302.webp,sages-venture.png
image-303.webp,flying-jets.png
image-304.webp,yurt.png
image-305.webp,unicorn-fantasy.png
image-306.webp,fluffy-buddies.png
image-307.webp,wolf.png
image-308.webp,cub-on-clouds.png
image-309.webp,valiant-odyssey.png
image-310.webp,devoted-heart.png
image-311.webp,future-city.png
image-312.webp,sam-in-new-city.png
image-313.webp,work-hard-play-harder.png
image-314.webp,strong-finish.png
image-315.webp,down-we-squish.png
image-316.webp,patricks-prezzie.png
image-317.webp,auld-lang-syne.png
image-318.webp,blissful-together.png
image-319.webp,lili-the-leopard.png
image-320.webp,celebration-time.png
image-321.webp,happy-party.png
image-322.webp,illumination.png
image-323.webp,sports-car.png
image-324.webp,majestic-hearts.png
image-325.webp,star-throne.png
image-326.webp,maiden-tower.png
image-327.webp,leon-and-lili.png
image-328.webp,interstellar.png
image-329.webp,sunset-speedway.png
image-330.webp,henry.png
image-331.webp,big-guys-ride.png
image-332.webp,falcon.png
image-333.webp,holiday-leon.png
image-334.webp,red-lightning.png
image-335.webp,falcon-2.png
image-336.webp,level-up-spectacle.png
image-337.webp,storm-blade.png
image-338.webp,holy-arc.png
image-339.webp,crystal-heart.png
image-340.webp,rosa-nebula.png
image-341.webp,future-journey.png
image-342.webp,party-on-and-on.png
image-343.webp,flame-towers.png
image-344.webp,stallion.png
image-345.webp,snow-leopard.png
image-346.webp,amusement-park.png
image-347.webp,fly-love.png
image-348.webp,tiktok-shuttle.png
image-349.webp,premium-shuttle.png
image-350.webp,infinite-heart.png
image-351.webp,greatsword-temple.png
image-352.webp,solar-temple.png
image-353.webp,phoenix.png
image-354.webp,adams-dream.png
image-355.webp,dragon-flame.png
image-356.webp,lion.png
image-357.webp,tiktok-houses-glory.png
image-358.webp,leon-and-lion.png
image-359.webp,tiktok-universe-plus.png
image-360.webp,tiktok-stars.png
image-361.webp,holiday-lion.png
image-362.webp,thunder-falcon.png
image-363.webp,fire-phoenix.png
image-364.webp,valerians-oath.png
image-365.webp,arnold-the-warrior.png
image-366.webp,pegasus.png
image-367.webp,tiktok-universe.png
image-368.webp,holiday-universe.png
